Date,Time,Home0,Home1,Home2,Home3,Grid,Charge,Discharge,BATTERY,GRID
03/30/2021,16:33:53,1840,240,1700,420,60,270,0,DISCONNECT,OFF
03/30/2021,16:34:17,1010,1420,590,1460,40,280,0,DISCONNECT,ON
03/30/2021,16:34:40,740,1480,590,1520,1970,190,0,DISCONNECT,ON
03/30/2021,16:34:45,590,1480,670,1400,2070,190,0,DISCONNECT,ON
03/30/2021,16:35:16,520,1380,1060,1450,2210,260,0,DISCONNECT,ON
03/30/2021,16:35:19,60,60,40,60,2040,290,0,DISCONNECT,ON
03/30/2021,16:35:23,40,40,60,40,1650,290,0,DISCONNECT,OFF
03/30/2021,16:36:10,60,40,40,60,40,270,0,DISCONNECT,ON
03/30/2021,16:36:40,40,10,10,30,150,290,0,DISCONNECT,ON
03/30/2021,16:40:05,30,30,120,230,8260,120,0,CHARGE,ON
03/30/2021,16:40:06,740,860,2190,1460,4630,3840,0,CHARGE,ON
03/30/2021,16:40:07,180,1560,3830,960,14670,8120,0,CHARGE,ON
03/30/2021,16:40:08,3420,330,2230,1930,4830,3430,0,CHARGE,ON
03/30/2021,16:40:09,1590,3010,640,360,27410,2700,0,CHARGE,ON
03/30/2021,16:40:11,3400,410,1050,2040,4560,4520,0,CHARGE,ON
03/30/2021,16:40:12,1520,3580,2110,240,27350,5340,0,CHARGE,ON
03/30/2021,16:40:13,1000,240,1930,4630,10930,2550,0,CHARGE,ON
03/30/2021,16:40:14,2460,2000,140,1970,11840,0,0,CHARGE,ON
03/30/2021,16:40:16,260,1500,2510,3020,13080,4350,0,CHARGE,ON
03/30/2021,16:40:17,3260,2640,230,1780,15910,760,0,CHARGE,ON
03/30/2021,16:40:18,10,950,3670,1870,13300,7120,0,CHARGE,ON
03/30/2021,16:40:19,2800,2060,1840,1890,10420,150,0,CHARGE,ON
03/30/2021,16:40:21,720,1910,2730,1410,15630,7550,0,CHARGE,ON
03/30/2021,16:40:22,2380,900,2150,1970,9720,4250,0,CHARGE,ON
03/30/2021,16:40:23,1230,3720,1660,580,19810,4030,0,CHARGE,ON
03/30/2021,16:40:24,150,1180,1050,1740,15570,5210,0,CHARGE,ON
03/30/2021,16:40:25,3430,1090,40,1500,15270,790,0,CHARGE,ON
03/30/2021,16:40:27,1110,1830,1520,3350,15680,3320,0,CHARGE,ON
03/30/2021,16:40:28,3640,180,680,2140,7420,3610,0,CHARGE,ON
03/30/2021,16:40:29,1480,2660,3470,510,12690,8240,0,CHARGE,ON
03/30/2021,16:40:30,470,50,2090,3470,4990,3430,0,CHARGE,ON
03/30/2021,16:40:32,610,3400,3260,180,12670,6220,0,CHARGE,ON
03/30/2021,16:40:33,2420,650,2010,4200,4560,3870,0,CHARGE,ON
03/30/2021,16:40:34,1930,4630,2000,410,26470,2500,0,CHARGE,ON
03/30/2021,16:40:35,220,870,1770,4080,12080,3660,0,CHARGE,ON
03/30/2021,16:40:36,2230,2820,1630,1820,19930,1570,0,CHARGE,ON
03/30/2021,16:40:38,910,520,510,1310,14080,7330,0,CHARGE,ON
03/30/2021,16:40:39,720,1020,740,1540,10800,2360,0,CHARGE,ON
03/30/2021,16:40:40,1600,2020,2290,820,15180,6220,0,CHARGE,ON
03/30/2021,16:40:41,2610,30,1920,1930,3900,3740,0,CHARGE,ON
03/30/2021,16:40:43,1750,2620,1010,200,20740,4190,0,CHARGE,ON
03/30/2021,16:40:44,910,1930,1780,2120,16000,3320,0,CHARGE,ON
03/30/2021,16:40:45,2730,3830,30,1630,12210,380,0,CHARGE,ON
03/30/2021,16:40:46,130,1650,2040,3370,15410,7280,0,CHARGE,ON
03/30/2021,16:40:48,3020,1040,1860,870,10780,4150,0,CHARGE,ON
03/30/2021,16:40:49,2890,3650,610,400,25340,4620,0,CHARGE,ON
03/30/2021,16:40:50,2040,550,1420,3510,5880,3970,0,CHARGE,ON
03/30/2021,16:40:51,1050,2800,420,1230,22300,790,0,CHARGE,ON
03/30/2021,16:40:52,350,2100,1150,1610,15310,7620,0,CHARGE,ON
03/30/2021,16:40:54,3700,1100,2480,1750,4620,3980,0,CHARGE,ON
03/30/2021,16:40:55,1640,2740,1650,260,26070,2620,0,CHARGE,ON
03/30/2021,16:40:56,1310,1180,1860,4300,4990,3010,0,CHARGE,ON
03/30/2021,16:40:57,1740,1060,270,670,14020,790,0,CHARGE,ON
03/30/2021,16:40:59,1100,1830,5090,610,14540,8510,0,CHARGE,ON
03/30/2021,16:41:00,3300,230,1090,1020,10050,2740,0,CHARGE,ON
03/30/2021,16:41:01,2420,3280,990,30,18250,5760,0,CHARGE,ON
03/30/2021,16:41:02,1090,90,470,2620,5980,3930,0,CHARGE,ON
03/30/2021,16:41:03,1550,470,2530,510,25750,6270,0,CHARGE,ON
03/30/2021,16:41:05,2480,290,2270,3160,4650,4060,0,CHARGE,ON
03/30/2021,16:41:06,2110,3720,190,180,24550,1460,0,CHARGE,ON
03/30/2021,16:41:07,610,1130,2070,320,14590,4250,0,CHARGE,ON
03/30/2021,16:41:08,1880,2790,60,370,15830,360,0,CHARGE,ON
03/30/2021,16:41:10,650,1020,1880,3800,7390,3200,0,CHARGE,ON
03/30/2021,16:41:11,2550,2840,1290,1600,19160,1180,0,CHARGE,ON
03/30/2021,16:41:12,1160,3010,3480,420,12350,7260,0,CHARGE,ON
03/30/2021,16:41:13,1920,500,1870,4060,8330,3570,0,CHARGE,ON
03/30/2021,16:41:14,1980,3810,2020,40,26510,3120,0,CHARGE,ON
03/30/2021,16:41:16,1430,880,2700,2840,12930,3740,0,CHARGE,ON
03/30/2021,16:41:17,4540,1280,30,1570,18200,840,0,CHARGE,ON
03/30/2021,16:41:18,630,1920,3260,1430,14530,8740,0,CHARGE,ON
03/30/2021,16:41:19,4030,990,460,1570,10250,1240,0,CHARGE,ON
03/30/2021,16:41:21,520,2000,330,970,20620,8500,0,CHARGE,ON
03/30/2021,16:41:22,2740,330,1830,1860,10050,2880,0,CHARGE,ON
03/30/2021,16:41:23,1500,3990,1100,510,20650,1860,0,CHARGE,ON
03/30/2021,16:41:24,720,2360,1770,4010,15040,3150,0,CHARGE,ON
03/30/2021,16:41:26,3480,2180,450,1430,13380,720,0,CHARGE,ON
03/30/2021,16:41:27,220,1360,3350,880,14290,7210,0,CHARGE,ON
03/30/2021,16:41:28,3560,960,2330,1000,9050,3890,0,CHARGE,ON
03/30/2021,16:41:29,360,120,4210,640,13330,7830,0,CHARGE,ON
03/30/2021,16:41:30,3960,920,1790,450,7800,1780,0,CHARGE,ON
03/30/2021,16:41:32,1330,2140,3750,220,13240,6210,0,CHARGE,ON
03/30/2021,16:41:33,820,520,2210,3440,7270,4200,0,CHARGE,ON
03/30/2021,16:41:34,260,2010,3260,60,25740,5880,0,CHARGE,ON
03/30/2021,16:41:35,2500,40,1870,840,7050,3520,0,CHARGE,ON
03/30/2021,16:41:37,790,2020,3060,1420,13440,7180,0,CHARGE,ON
03/30/2021,16:41:38,2050,240,1890,2340,5530,3600,0,CHARGE,ON
03/30/2021,16:41:39,1540,200,3250,40,12750,6040,0,CHARGE,ON
03/30/2021,16:41:40,3030,50,2060,1720,4490,3330,0,CHARGE,ON
03/30/2021,16:41:41,840,2210,2090,1130,15630,4830,0,CHARGE,ON
03/30/2021,16:41:43,2240,120,1770,3710,3900,3370,0,CHARGE,ON
03/30/2021,16:41:44,1680,3140,2460,440,25510,3320,0,CHARGE,ON
03/30/2021,16:41:45,260,2000,2040,4200,12310,4160,0,CHARGE,ON
03/30/2021,16:41:46,3690,2100,370,560,17090,270,0,CHARGE,ON
03/30/2021,16:41:48,410,770,1200,1380,12220,4280,0,CHARGE,ON
03/30/2021,16:41:49,3790,1800,820,1320,15320,630,0,CHARGE,ON
03/30/2021,16:41:50,30,2250,3200,1630,13130,7960,0,CHARGE,ON
03/30/2021,16:41:51,3300,1870,180,1720,10610,790,0,CHARGE,ON
03/30/2021,16:41:52,400,2060,520,1650,14390,8200,0,CHARGE,ON
03/30/2021,16:41:54,4110,730,370,170,10650,4120,0,CHARGE,ON
03/30/2021,16:41:55,1290,1860,1650,80,13010,9520,0,CHARGE,ON
03/30/2021,16:41:56,1800,90,1700,640,9980,3390,0,CHARGE,ON
03/30/2021,16:41:57,0,1830,3980,1200,13300,7410,0,CHARGE,ON
03/30/2021,16:41:59,4070,1230,870,1560,15710,960,0,CHARGE,ON
03/30/2021,16:42:00,1830,350,2640,1400,12990,5570,0,CHARGE,ON
03/30/2021,16:42:01,2190,560,670,2600,8770,3710,0,CHARGE,ON
03/30/2021,16:42:02,900,1610,4150,930,14690,8200,0,CHARGE,ON
03/30/2021,16:42:04,650,370,1690,1920,10010,3970,0,CHARGE,ON
03/30/2021,16:42:05,1650,4800,1700,120,17510,3160,0,CHARGE,ON
03/30/2021,16:42:06,1650,60,350,4010,4860,3110,0,CHARGE,ON
03/30/2021,16:42:07,1860,1510,3790,1250,13150,7160,0,CHARGE,ON
03/30/2021,16:42:08,1090,410,1020,3510,4720,2890,0,CHARGE,ON
03/30/2021,16:42:10,1650,3290,1110,1110,22260,2480,0,CHARGE,ON
03/30/2021,16:42:11,310,700,4170,1890,13650,5060,0,CHARGE,ON
03/30/2021,16:42:12,790,1430,500,1680,15120,560,0,CHARGE,ON
03/30/2021,16:42:13,30,2390,3140,2850,14160,6160,0,CHARGE,ON
03/30/2021,16:42:15,3420,1740,270,790,12630,680,0,CHARGE,ON
03/30/2021,16:42:16,1020,2420,2530,2710,11120,7270,0,CHARGE,ON
03/30/2021,16:42:17,2700,1410,10,470,10510,410,0,CHARGE,ON
03/30/2021,16:42:18,280,2120,4470,2750,12950,8080,0,CHARGE,ON
03/30/2021,16:42:19,3800,950,740,1060,10330,180,0,CHARGE,ON
03/30/2021,16:42:21,830,2190,3240,1750,10930,6600,0,CHARGE,ON
03/30/2021,16:42:22,4010,720,2100,1770,10390,1890,0,CHARGE,ON
03/30/2021,16:42:23,2020,1570,2190,120,26780,4420,0,CHARGE,ON
03/30/2021,16:42:24,960,1960,370,4010,11560,2940,0,CHARGE,ON
03/30/2021,16:42:26,1550,1180,1460,1360,19870,1700,0,CHARGE,ON
03/30/2021,16:42:27,380,1840,2600,1880,16880,4240,0,CHARGE,ON
03/30/2021,16:42:28,3510,1480,320,1980,11810,1090,0,CHARGE,ON
03/30/2021,16:42:29,360,3070,2430,30,24170,3370,0,CHARGE,ON
03/30/2021,16:42:31,520,240,1820,2050,5910,2210,0,CHARGE,ON
03/30/2021,16:42:32,1780,1610,3970,910,13610,5640,0,CHARGE,ON
03/30/2021,16:42:33,2610,1080,1700,2010,4060,2980,0,CHARGE,ON
03/30/2021,16:42:34,2040,3350,1400,870,19870,2930,0,CHARGE,ON
03/30/2021,16:42:35,320,550,1970,830,10340,2890,0,CHARGE,ON
03/30/2021,16:42:37,1630,2880,820,1700,25270,1780,0,CHARGE,ON
03/30/2021,16:42:38,500,2010,2740,360,14520,3650,0,CHARGE,ON
03/30/2021,16:42:39,2420,1130,270,420,10550,2040,0,CHARGE,ON
03/30/2021,16:42:40,1040,2150,4430,610,14000,7350,0,CHARGE,ON
03/30/2021,16:42:42,3620,1380,1080,1110,9870,2510,0,CHARGE,ON
03/30/2021,16:42:43,2040,3520,910,310,18140,2980,0,CHARGE,ON
03/30/2021,16:42:44,320,640,270,3960,5350,3420,0,CHARGE,ON
03/30/2021,16:42:45,1380,950,2680,0,21750,4260,0,CHARGE,ON
03/30/2021,16:42:46,2910,1190,1340,1600,7860,2570,0,CHARGE,ON
03/30/2021,16:42:48,2040,3200,380,60,24190,2500,0,CHARGE,ON
03/30/2021,16:42:49,2480,60,1740,2440,4990,3300,0,CHARGE,ON
03/30/2021,16:42:50,2270,1890,2460,400,14640,3930,0,CHARGE,ON
03/30/2021,16:42:51,1770,290,1750,3060,3440,3320,0,CHARGE,ON
03/30/2021,16:42:53,1930,2910,520,1280,25640,1190,0,CHARGE,ON
03/30/2021,16:42:54,650,1000,410,3050,13580,4660,0,CHARGE,ON
03/30/2021,16:42:55,2920,2710,1080,2010,14450,560,0,CHARGE,ON
03/30/2021,16:42:56,190,1890,2640,180,14260,7590,0,CHARGE,ON
03/30/2021,16:42:57,2850,880,1640,780,11550,3960,0,CHARGE,ON
03/30/2021,16:42:59,1720,1830,680,700,14610,4610,0,CHARGE,ON
03/30/2021,16:43:00,2360,1680,310,1320,10000,780,0,CHARGE,ON
03/30/2021,16:43:01,2360,1920,1610,30,20830,4310,0,CHARGE,ON
03/30/2021,16:43:02,290,100,1970,1000,4620,3490,0,CHARGE,ON
03/30/2021,16:43:04,970,460,670,1200,22080,5150,0,CHARGE,ON
03/30/2021,16:43:05,2090,1150,830,1540,8760,3580,0,CHARGE,ON
03/30/2021,16:43:06,1920,3110,3290,1090,22440,3930,0,CHARGE,ON
03/30/2021,16:43:07,1340,1920,1510,2570,7330,3900,0,CHARGE,ON
03/30/2021,16:43:09,3200,1290,1400,1500,19260,1730,0,CHARGE,ON
03/30/2021,16:43:10,150,2070,4160,1730,13210,10000,0,CHARGE,ON
03/30/2021,16:43:11,1290,10,2250,2840,5250,3890,0,CHARGE,ON
03/30/2021,16:43:12,950,2160,1420,120,23210,4150,0,CHARGE,ON
03/30/2021,16:43:13,2160,290,2010,2890,10190,3670,0,CHARGE,ON
03/30/2021,16:43:15,2070,3510,2200,30,24270,3570,0,CHARGE,ON
03/30/2021,16:43:16,880,1780,2340,2970,9890,3970,0,CHARGE,ON
03/30/2021,16:43:17,1010,500,1540,1750,18980,880,0,CHARGE,ON
03/30/2021,16:43:18,1060,1740,1080,2700,14490,5040,0,CHARGE,ON
03/30/2021,16:43:20,3650,950,50,2300,12930,450,0,CHARGE,ON
03/30/2021,16:43:21,380,1800,440,2840,15760,7630,0,CHARGE,ON
03/30/2021,16:43:22,2560,1830,200,1600,14170,870,0,CHARGE,ON
03/30/2021,16:43:23,10,1140,3010,2340,15070,7950,0,CHARGE,ON
03/30/2021,16:43:24,4260,1730,30,1740,13750,240,0,CHARGE,ON
03/30/2021,16:43:26,200,1840,2570,2050,15300,5530,0,CHARGE,ON
03/30/2021,16:43:27,4190,1200,270,1690,11870,1560,0,CHARGE,ON
03/30/2021,16:43:28,860,2650,1510,1200,14950,6570,0,CHARGE,ON
03/30/2021,16:43:29,1820,560,1610,3550,7450,3070,0,CHARGE,ON
03/30/2021,16:43:31,2040,4030,2040,100,23480,2370,0,CHARGE,ON
03/30/2021,16:43:32,810,1780,2570,2740,15090,4920,0,CHARGE,ON
03/30/2021,16:43:33,1230,1780,40,1830,19670,320,0,CHARGE,ON
03/30/2021,16:43:34,700,2640,1610,2750,10200,2700,0,CHARGE,ON
03/30/2021,16:43:36,2440,2440,460,440,12970,370,0,CHARGE,ON
03/30/2021,16:43:37,140,1500,3490,400,14780,7650,0,CHARGE,ON
03/30/2021,16:43:38,3320,1470,670,1650,12560,500,0,CHARGE,ON
03/30/2021,16:43:39,10,2050,3780,1310,14320,8690,0,CHARGE,ON
03/30/2021,16:43:40,2550,1340,1630,2150,11970,1370,0,CHARGE,ON
03/30/2021,16:43:42,1720,3210,1160,1080,25790,4470,0,CHARGE,ON
03/30/2021,16:43:43,130,590,360,3230,15100,3650,0,CHARGE,ON
03/30/2021,16:43:44,2230,3110,1460,1310,16350,2940,0,CHARGE,ON
03/30/2021,16:43:45,120,350,1750,1770,14590,7440,0,CHARGE,ON
03/30/2021,16:43:47,2270,1370,520,1880,12400,1920,0,CHARGE,ON
03/30/2021,16:43:48,1830,2390,3420,970,13570,5120,0,CHARGE,ON
03/30/2021,16:43:49,2010,90,1840,2150,5480,2270,0,CHARGE,ON
03/30/2021,16:43:50,1660,2780,2380,500,25610,4110,0,CHARGE,ON
03/30/2021,16:43:51,1200,90,1720,3870,10150,3050,0,CHARGE,ON
03/30/2021,16:43:53,1250,3750,1720,1230,24880,2040,0,CHARGE,ON
03/30/2021,16:43:54,670,1010,3080,2480,14900,7910,0,CHARGE,ON
03/30/2021,16:43:55,700,1250,540,730,12830,180,0,CHARGE,ON
03/30/2021,16:43:56,140,1700,2440,1840,13840,7770,0,CHARGE,ON
03/30/2021,16:43:58,3650,1230,80,2100,11690,1680,0,CHARGE,ON
03/30/2021,16:43:59,130,1980,4220,1920,14430,7320,0,CHARGE,ON
03/30/2021,16:44:00,2660,230,1220,1830,6720,4120,0,CHARGE,ON
03/30/2021,16:44:01,1910,2780,600,240,26180,3110,0,CHARGE,ON
03/30/2021,16:44:02,1380,50,2270,2040,4860,2980,0,CHARGE,ON
03/30/2021,16:44:04,2040,2680,3260,670,15280,3960,0,CHARGE,ON
03/30/2021,16:44:05,2070,510,1860,1150,3330,3300,0,CHARGE,ON
03/30/2021,16:44:06,1370,970,910,880,26290,2320,0,CHARGE,ON
03/30/2021,16:44:07,1680,910,1630,2610,5700,3340,0,CHARGE,ON
03/30/2021,16:44:09,180,3030,1630,1570,23130,1110,0,CHARGE,ON
03/30/2021,16:44:10,90,2190,640,230,13860,5560,0,CHARGE,ON
03/30/2021,16:44:11,2110,2590,400,1750,13890,1010,0,CHARGE,ON
03/30/2021,16:44:12,970,2120,3330,770,14200,8150,0,CHARGE,ON
03/30/2021,16:44:14,1040,1330,870,1340,11690,900,0,CHARGE,ON
03/30/2021,16:44:15,1680,2230,680,1510,14960,3250,0,CHARGE,ON
03/30/2021,16:44:16,1540,40,1870,770,10920,3430,0,CHARGE,ON
03/30/2021,16:44:17,2680,3670,500,60,25870,2600,0,CHARGE,ON
03/30/2021,16:44:18,2330,470,1930,2460,2200,3740,0,CHARGE,ON
03/30/2021,16:44:20,2160,2790,1550,720,24610,2510,0,CHARGE,ON
03/30/2021,16:44:21,730,1970,2610,1220,16530,3320,0,CHARGE,ON
03/30/2021,16:44:22,2750,1470,330,690,14640,2120,0,CHARGE,ON
03/30/2021,16:44:23,1250,1910,3340,200,14500,6490,0,CHARGE,ON
03/30/2021,16:44:25,1130,240,2150,2620,8590,3900,0,CHARGE,ON
03/30/2021,16:44:26,1800,4540,1370,1570,24040,2240,0,CHARGE,ON
03/30/2021,16:44:27,150,640,2270,1650,14530,8220,0,CHARGE,ON
03/30/2021,16:44:28,2510,1910,240,2020,17640,670,0,CHARGE,ON
03/30/2021,16:44:29,930,310,3780,1570,12800,8100,0,CHARGE,ON
03/30/2021,16:44:31,3520,1410,1510,1610,11160,2190,0,CHARGE,ON
03/30/2021,16:44:32,1330,3160,590,240,24960,3840,0,CHARGE,ON
03/30/2021,16:44:33,860,680,2050,3100,3750,3890,0,CHARGE,ON
03/30/2021,16:44:34,1790,3390,1430,150,21980,2330,0,CHARGE,ON
03/30/2021,16:44:36,260,2280,3470,2710,16650,7530,0,CHARGE,ON
03/30/2021,16:44:37,3400,1550,780,260,14300,220,0,CHARGE,ON
03/30/2021,16:44:38,560,1400,420,1820,13680,4850,0,CHARGE,ON
03/30/2021,16:44:39,2060,1450,220,1860,11610,2050,0,CHARGE,ON
03/30/2021,16:44:41,1570,2750,960,1480,13850,5000,0,CHARGE,ON
03/30/2021,16:44:42,2160,80,1310,520,3900,3740,0,CHARGE,ON
03/30/2021,16:44:43,2180,2790,2090,600,17110,4340,0,CHARGE,ON
03/30/2021,16:44:44,1130,590,2100,1470,4850,3160,0,CHARGE,ON
03/30/2021,16:44:45,2200,3340,1400,950,20980,1910,0,CHARGE,ON
03/30/2021,16:44:47,950,2760,2000,1520,12980,4040,0,CHARGE,ON
03/30/2021,16:44:48,2650,1930,230,170,16220,310,0,CHARGE,ON
03/30/2021,16:44:49,240,2320,4330,260,15570,7740,0,CHARGE,ON
03/30/2021,16:44:50,2330,1780,1400,1040,10980,3370,0,CHARGE,ON
03/30/2021,16:44:52,2180,3930,1550,1020,25870,2850,0,CHARGE,ON
03/30/2021,16:44:53,100,1820,2020,3100,15860,4220,0,CHARGE,ON
03/30/2021,16:44:54,3640,1590,30,1690,13120,40,0,CHARGE,ON
03/30/2021,16:44:55,540,1280,3870,1720,14900,7590,0,CHARGE,ON
03/30/2021,16:44:56,3990,1320,970,2050,13570,2410,0,CHARGE,ON
03/30/2021,16:44:58,1980,2240,3050,1320,17090,5540,0,CHARGE,ON
03/30/2021,16:44:59,1520,2420,1560,2780,12800,3530,0,CHARGE,ON
03/30/2021,16:45:00,2800,1500,170,630,15390,170,0,CHARGE,ON
03/30/2021,16:45:01,370,1920,2250,3010,13670,8690,0,CHARGE,ON
03/30/2021,16:45:03,760,2160,130,1110,12670,420,0,CHARGE,ON
03/30/2021,16:45:04,420,780,3620,1860,14500,6280,0,CHARGE,ON
03/30/2021,16:45:05,3210,1500,1660,1890,7530,2640,0,CHARGE,ON
03/30/2021,16:45:06,1800,2440,2140,80,25410,4390,0,CHARGE,ON
03/30/2021,16:45:08,2320,290,1790,2780,4790,3470,0,CHARGE,ON
03/30/2021,16:45:09,440,4700,1660,770,24870,2780,0,CHARGE,ON
03/30/2021,16:45:10,1460,680,1830,3160,15680,3620,0,CHARGE,ON
03/30/2021,16:45:11,2100,2250,610,860,12630,1060,0,CHARGE,ON
03/30/2021,16:45:12,630,2870,2070,2470,13170,6160,0,CHARGE,ON
03/30/2021,16:45:14,680,1230,1460,1270,12860,4200,0,CHARGE,ON
03/30/2021,16:45:15,2420,3330,1740,220,25220,4130,0,CHARGE,ON
03/30/2021,16:45:16,2040,1140,1830,2760,13080,4160,0,CHARGE,ON
03/30/2021,16:45:17,230,2230,640,1740,16580,2110,0,CHARGE,ON
03/30/2021,16:45:19,410,1410,2610,1430,14540,6400,0,CHARGE,ON
03/30/2021,16:45:20,2040,540,1830,3420,13560,3170,0,CHARGE,ON
03/30/2021,16:45:21,1830,3960,1730,120,22620,3190,0,CHARGE,ON
03/30/2021,16:45:22,1090,2560,2230,2830,16450,3460,0,CHARGE,ON
03/30/2021,16:45:23,3520,1360,490,360,14490,4530,0,CHARGE,ON
03/30/2021,16:45:25,1590,2610,2920,420,17240,5290,0,CHARGE,ON
03/30/2021,16:45:26,2240,410,1110,2910,10200,3610,0,CHARGE,ON
03/30/2021,16:45:27,2280,2960,330,1840,18060,2460,0,CHARGE,ON
03/30/2021,16:45:28,270,1860,470,2960,16220,4720,0,CHARGE,ON
03/30/2021,16:45:30,1360,1720,150,1870,17720,310,0,CHARGE,ON
03/30/2021,16:45:31,440,720,2280,1780,15230,4940,0,CHARGE,ON
03/30/2021,16:45:32,3620,1550,1060,1920,11210,150,0,CHARGE,ON
03/30/2021,16:45:33,1660,2230,2100,1630,20420,3960,0,CHARGE,ON
03/30/2021,16:45:34,1700,1550,2320,3400,6250,3900,0,CHARGE,ON
03/30/2021,16:45:36,2270,2960,1150,2250,14480,90,0,CHARGE,ON
03/30/2021,16:45:37,550,2530,2880,2700,14050,3930,0,CHARGE,ON
03/30/2021,16:45:38,3330,1430,350,1360,12840,1730,0,CHARGE,ON
03/30/2021,16:45:39,290,1590,2360,1860,22120,6220,0,CHARGE,ON
03/30/2021,16:45:41,1920,290,1950,380,7210,4110,0,CHARGE,ON
03/30/2021,16:45:42,1930,2360,2140,40,19960,4100,0,CHARGE,ON
03/30/2021,16:45:43,2100,240,1930,2970,8540,3660,0,CHARGE,ON
03/30/2021,16:45:44,2110,3520,1720,370,23540,3050,0,CHARGE,ON
03/30/2021,16:45:46,600,700,2160,720,16990,3890,0,CHARGE,ON
03/30/2021,16:45:47,490,3460,1840,590,24310,2440,0,CHARGE,ON
03/30/2021,16:45:48,1180,400,2160,3830,12380,3650,0,CHARGE,ON
03/30/2021,16:45:49,2680,2110,280,2560,17690,1690,0,CHARGE,ON
03/30/2021,16:45:50,720,1870,4030,550,14960,8100,0,CHARGE,ON
03/30/2021,16:45:52,2230,120,1780,320,11620,3320,0,CHARGE,ON
03/30/2021,16:45:53,50,2060,4200,330,15760,7770,0,CHARGE,ON
03/30/2021,16:45:54,4030,1420,950,1180,11570,30,0,CHARGE,ON
03/30/2021,16:45:55,650,2210,2590,2110,17080,6900,0,CHARGE,ON
03/30/2021,16:45:57,3080,1520,2010,2210,11460,870,0,CHARGE,ON
03/30/2021,16:45:58,1520,2530,2060,40,24140,4220,0,CHARGE,ON
03/30/2021,16:45:59,730,130,2250,2300,13030,3700,0,CHARGE,ON
03/30/2021,16:46:00,2060,3670,1700,330,25470,2600,0,CHARGE,ON
03/30/2021,16:46:01,1610,330,2050,1330,11410,4160,0,CHARGE,ON
03/30/2021,16:46:03,3020,2000,1630,230,18430,2480,0,CHARGE,ON
03/30/2021,16:46:04,1040,1740,1720,1570,14530,6850,0,CHARGE,ON
03/30/2021,16:46:05,1890,580,1890,2800,7450,3600,0,CHARGE,ON
03/30/2021,16:46:06,2050,860,2020,590,23900,3480,0,CHARGE,ON
03/30/2021,16:46:08,1460,260,2090,2790,8030,4150,0,CHARGE,ON
03/30/2021,16:46:09,920,3350,2360,1500,24930,3030,0,CHARGE,ON
03/30/2021,16:46:10,670,450,2970,2800,14500,6160,0,CHARGE,ON
03/30/2021,16:46:11,3140,2610,1690,1800,16310,130,0,CHARGE,ON
03/30/2021,16:46:13,260,1730,3170,1790,14350,7500,0,CHARGE,ON
03/30/2021,16:46:14,2610,1450,2210,2430,13150,4170,0,CHARGE,ON
03/30/2021,16:46:15,2230,1130,1610,1220,23490,3160,0,CHARGE,ON
03/30/2021,16:46:16,10,1930,2410,1370,15630,4510,0,CHARGE,ON
03/30/2021,16:46:17,1360,1870,650,720,15890,1840,0,CHARGE,ON
03/30/2021,16:46:19,780,1910,2120,170,15130,6710,0,CHARGE,ON
03/30/2021,16:46:20,3560,1430,550,790,13730,2820,0,CHARGE,ON
03/30/2021,16:46:21,1640,1650,950,1780,14810,4770,0,CHARGE,ON
03/30/2021,16:46:22,3050,1270,690,770,11870,4610,0,CHARGE,ON
03/30/2021,16:46:24,1200,3110,420,80,23540,4170,0,CHARGE,ON
03/30/2021,16:46:25,1410,470,2420,2330,8420,3560,0,CHARGE,ON
03/30/2021,16:46:26,2300,4120,1980,350,24280,3750,0,CHARGE,ON
03/30/2021,16:46:27,1840,1650,1970,3550,11750,3900,0,CHARGE,ON
03/30/2021,16:46:28,1800,1650,260,1890,17740,260,0,CHARGE,ON
03/30/2021,16:46:30,1110,1870,2250,1420,16540,7130,0,CHARGE,ON
03/30/2021,16:46:31,2380,880,2620,3390,5680,4120,0,CHARGE,ON
03/30/2021,16:46:32,1880,2190,2430,260,17720,4350,0,CHARGE,ON
03/30/2021,16:46:33,1220,1820,2510,3720,5110,3720,0,CHARGE,ON
03/30/2021,16:46:35,2500,2360,1320,2200,16830,2790,0,CHARGE,ON
03/30/2021,16:46:36,1840,2250,2730,860,19140,5150,0,CHARGE,ON
03/30/2021,16:46:37,1820,600,2180,2600,6780,3750,0,CHARGE,ON
03/30/2021,16:46:38,2040,3600,2180,550,21090,3790,0,CHARGE,ON
03/30/2021,16:46:40,1600,2230,350,1090,17150,4360,0,CHARGE,ON
03/30/2021,16:46:41,3140,1770,200,1470,14990,2150,0,CHARGE,ON
03/30/2021,16:46:42,2330,1860,2830,610,15550,5850,0,CHARGE,ON
03/30/2021,16:46:43,2460,990,2270,2570,9740,3330,0,CHARGE,ON
03/30/2021,16:46:44,2680,2960,2360,960,23510,4660,0,CHARGE,ON
03/30/2021,16:46:46,310,470,2320,3070,10000,3810,0,CHARGE,ON
03/30/2021,16:46:47,1480,2920,2060,1410,18270,3160,0,CHARGE,ON
03/30/2021,16:46:48,1060,2370,2650,2090,15480,6840,0,CHARGE,ON
03/30/2021,16:46:49,1690,1570,1790,1800,8170,4580,0,CHARGE,ON
03/30/2021,16:46:51,1090,540,170,730,24230,2740,0,CHARGE,ON
03/30/2021,16:46:52,1820,720,2040,2700,7360,4260,0,CHARGE,ON
03/30/2021,16:46:53,2180,3030,1780,680,22850,3640,0,CHARGE,ON
03/30/2021,16:46:54,1730,520,2010,2800,14080,5480,0,CHARGE,ON
03/30/2021,16:46:55,3530,1880,540,1690,16370,350,0,CHARGE,ON
03/30/2021,16:46:57,140,2090,3380,1920,15440,8400,0,CHARGE,ON
03/30/2021,16:46:58,3810,590,720,2190,12540,550,0,CHARGE,ON
03/30/2021,16:46:59,1470,2510,3060,1610,13160,8930,0,CHARGE,ON
03/30/2021,16:47:00,1970,840,1500,2880,6980,3850,0,CHARGE,ON
03/30/2021,16:47:02,2020,3650,1920,810,21070,4310,0,CHARGE,ON
03/30/2021,16:47:03,360,1160,2090,410,7940,3990,0,CHARGE,ON
03/30/2021,16:47:04,2060,2000,1100,720,18790,3200,0,CHARGE,ON
03/30/2021,16:47:05,830,2000,2970,1800,16860,4980,0,CHARGE,ON
03/30/2021,16:47:06,2790,350,540,770,14820,880,0,CHARGE,ON
03/30/2021,16:47:08,1720,720,1930,2980,9920,4030,0,CHARGE,ON
03/30/2021,16:47:09,2100,2280,1600,1690,17930,3530,0,CHARGE,ON
03/30/2021,16:47:10,2090,590,540,1040,16420,4070,0,CHARGE,ON
03/30/2021,16:47:11,3620,1640,190,2000,10110,1790,0,CHARGE,ON
03/30/2021,16:47:13,1970,2440,330,310,15390,3960,0,CHARGE,ON
03/30/2021,16:47:14,2010,190,510,1690,9490,3970,0,CHARGE,ON
03/30/2021,16:47:15,670,3320,900,860,24730,3700,0,CHARGE,ON
03/30/2021,16:47:16,2750,630,2550,2650,8180,4300,0,CHARGE,ON
03/30/2021,16:47:18,310,2300,3230,1630,15810,4560,0,CHARGE,ON
03/30/2021,16:47:19,2050,370,2100,2750,8520,3750,0,CHARGE,ON
03/30/2021,16:47:20,2150,3790,1590,2020,23850,2790,0,CHARGE,ON
03/30/2021,16:47:21,180,1840,2750,260,16690,9020,0,CHARGE,ON
03/30/2021,16:47:22,1370,2320,1480,1720,16560,2940,0,CHARGE,ON
03/30/2021,16:47:24,2060,2200,2150,1180,13930,4490,0,CHARGE,ON
03/30/2021,16:47:25,1510,1200,2180,3260,11760,3710,0,CHARGE,ON
03/30/2021,16:47:26,3280,2150,600,2160,18140,3250,0,CHARGE,ON
03/30/2021,16:47:27,350,2110,3080,2280,17020,7240,0,CHARGE,ON
03/30/2021,16:47:29,2820,1400,1200,1730,13880,1890,0,CHARGE,ON
03/30/2021,16:47:30,1780,4060,560,770,23630,3240,0,CHARGE,ON
03/30/2021,16:47:31,1550,1500,270,310,11020,3850,0,CHARGE,ON
03/30/2021,16:47:32,1910,2370,240,1250,17690,2420,0,CHARGE,ON
03/30/2021,16:47:33,350,1080,310,1000,15370,5110,0,CHARGE,ON
03/30/2021,16:47:35,1220,1560,130,400,12740,2830,0,CHARGE,ON
03/30/2021,16:47:36,720,1160,2150,670,14140,4440,0,CHARGE,ON
03/30/2021,16:47:37,2830,1290,320,1780,12610,3400,0,CHARGE,ON
03/30/2021,16:47:38,1950,3640,1800,360,22480,3850,0,CHARGE,ON
03/30/2021,16:47:40,1340,1540,2320,2660,13590,4080,0,CHARGE,ON
03/30/2021,16:47:41,3190,1740,420,2270,12480,290,0,CHARGE,ON
03/30/2021,16:47:42,770,1010,3560,2850,15670,7140,0,CHARGE,ON
03/30/2021,16:47:43,120,170,10,50,190,10,0,CHARGE,ON
03/30/2021,16:47:45,170,120,10,50,150,0,0,CHARGE,ON
03/30/2021,16:47:46,90,90,0,50,240,10,0,CHARGE,ON
03/30/2021,16:47:47,80,180,0,10,190,40,0,CHARGE,ON
03/30/2021,16:47:48,50,120,90,10,40,180,0,CHARGE,ON
03/30/2021,16:47:49,50,150,150,0,60,140,0,CHARGE,ON
03/30/2021,16:47:51,40,100,140,0,60,140,0,CHARGE,ON
03/30/2021,16:47:52,40,80,130,0,60,150,0,CHARGE,ON
03/30/2021,16:47:53,0,50,170,100,0,150,0,CHARGE,ON
03/30/2021,16:47:54,0,40,120,120,60,150,0,CHARGE,ON
03/30/2021,16:47:55,0,30,140,120,50,140,0,CHARGE,ON
